,work_year,experience_level,employment_type,job_title,salary_in_usd,employee_residence,remote_ratio,company_location,company_size
0,2020,Mid-level / Intermediate,Full-time,Data Scientist,79833,DE,No remote,DE,L
1,2020,Senior-level / Expert,Full-time,Machine Learning Scientist,260000,JP,No remote,JP,S
2,2020,Senior-level / Expert,Full-time,Big Data Engineer,109024,GB,Partially Remote,GB,M
3,2020,Mid-level / Intermediate,Full-time,Product Data Analyst,20000,HN,No remote,HN,S
4,2020,Senior-level / Expert,Full-time,Machine Learning Engineer,150000,US,Partially Remote,US,L
5,2020,Entry-level / Junior,Full-time,Data Analyst,72000,US,Fully remote,US,L
6,2020,Senior-level / Expert,Full-time,Lead Data Scientist,190000,US,Fully remote,US,S
7,2020,Mid-level / Intermediate,Full-time,Data Scientist,35735,HU,Partially Remote,HU,L
8,2020,Mid-level / Intermediate,Full-time,Business Data Analyst,135000,US,Fully remote,US,L
9,2020,Senior-level / Expert,Full-time,Lead Data Engineer,125000,NZ,Partially Remote,NZ,S
10,2020,Entry-level / Junior,Full-time,Data Scientist,51321,FR,No remote,FR,S
11,2020,Mid-level / Intermediate,Full-time,Data Scientist,40481,IN,No remote,IN,L
12,2020,Entry-level / Junior,Full-time,Data Scientist,39916,FR,No remote,FR,M
13,2020,Mid-level / Intermediate,Full-time,Lead Data Analyst,87000,US,Fully remote,US,L
14,2020,Mid-level / Intermediate,Full-time,Data Analyst,85000,US,Fully remote,US,L
15,2020,Mid-level / Intermediate,Full-time,Data Analyst,8000,PK,Partially Remote,PK,L
16,2020,Entry-level / Junior,Full-time,Data Engineer,41689,JP,Fully remote,JP,S
17,2020,Senior-level / Expert,Full-time,Big Data Engineer,114047,PL,Fully remote,GB,S
18,2020,Entry-level / Junior,Full-time,Data Science Consultant,5707,IN,Partially Remote,IN,M
19,2020,Mid-level / Intermediate,Full-time,Lead Data Engineer,56000,PT,Fully remote,US,M
20,2020,Mid-level / Intermediate,Full-time,Machine Learning Engineer,43331,CN,No remote,CN,M
21,2020,Mid-level / Intermediate,Full-time,Product Data Analyst,6072,IN,Fully remote,IN,L
22,2020,Senior-level / Expert,Full-time,Data Engineer,47899,GR,Partially Remote,GR,L
23,2020,Mid-level / Intermediate,Full-time,BI Data Analyst,98000,US,No remote,US,M
24,2020,Mid-level / Intermediate,Full-time,Lead Data Scientist,115000,AE,No remote,AE,L
25,2020,Executive-level / Director,Full-time,Director of Data Science,325000,US,Fully remote,US,L
26,2020,Entry-level / Junior,Full-time,Research Scientist,42000,NL,Partially Remote,NL,L
27,2020,Senior-level / Expert,Full-time,Data Engineer,33511,MX,No remote,MX,S
28,2020,Entry-level / Junior,Contract,Business Data Analyst,100000,US,Fully remote,US,L
29,2020,Senior-level / Expert,Full-time,Machine Learning Manager,117104,CA,Partially Remote,CA,L
30,2020,Mid-level / Intermediate,Full-time,Data Engineering Manager,59303,DE,Fully remote,DE,S
31,2020,Entry-level / Junior,Full-time,Big Data Engineer,70000,US,Fully remote,US,L
32,2020,Senior-level / Expert,Full-time,Data Scientist,68428,GR,Fully remote,US,L
33,2020,Mid-level / Intermediate,Full-time,Research Scientist,450000,US,No remote,US,M
34,2020,Mid-level / Intermediate,Full-time,Data Analyst,46759,FR,Partially Remote,FR,L
35,2020,Mid-level / Intermediate,Full-time,Data Engineer,74130,AT,Partially Remote,AT,L
36,2020,Mid-level / Intermediate,Full-time,Data Science Consultant,103000,US,Fully remote,US,L
37,2020,Entry-level / Junior,Full-time,Machine Learning Engineer,250000,US,Partially Remote,US,L
38,2020,Entry-level / Junior,Full-time,Data Analyst,10000,NG,Fully remote,NG,S
39,2020,Entry-level / Junior,Full-time,Machine Learning Engineer,138000,US,Fully remote,US,S
40,2020,Mid-level / Intermediate,Full-time,Data Scientist,45760,PH,Fully remote,US,S
41,2020,Executive-level / Director,Full-time,Data Engineering Manager,79833,ES,Partially Remote,ES,L
42,2020,Mid-level / Intermediate,Full-time,Machine Learning Infrastructure Engineer,50180,PT,No remote,PT,M
43,2020,Mid-level / Intermediate,Full-time,Data Engineer,106000,US,Fully remote,US,L
44,2020,Mid-level / Intermediate,Full-time,Data Engineer,112872,GB,Partially Remote,GB,L
45,2020,Entry-level / Junior,Part-time,ML Engineer,15966,DE,Fully remote,DE,S
46,2020,Mid-level / Intermediate,Full-time,Data Scientist,76958,GB,Fully remote,GB,S
47,2020,Senior-level / Expert,Full-time,Data Engineer,188000,US,Fully remote,US,L
48,2020,Mid-level / Intermediate,Full-time,Data Scientist,105000,US,Fully remote,US,L
49,2020,Mid-level / Intermediate,Full-time,Data Engineer,70139,FR,Partially Remote,FR,L
50,2020,Entry-level / Junior,Full-time,Data Analyst,6072,IN,No remote,IN,S
51,2020,Entry-level / Junior,Full-time,Data Analyst,91000,US,Fully remote,US,L
52,2020,Entry-level / Junior,Full-time,AI Scientist,45896,DK,Partially Remote,DK,S
53,2020,Entry-level / Junior,Full-time,Data Engineer,54742,PK,Fully remote,DE,L
54,2020,Senior-level / Expert,Freelance,Computer Vision Engineer,60000,RU,Fully remote,US,S
55,2020,Senior-level / Expert,Full-time,Principal Data Scientist,148261,DE,Fully remote,DE,M
56,2020,Mid-level / Intermediate,Full-time,Data Scientist,38776,ES,Fully remote,ES,M
57,2020,Mid-level / Intermediate,Full-time,Data Scientist,118000,US,Fully remote,US,M
58,2020,Senior-level / Expert,Full-time,Data Scientist,120000,US,Partially Remote,US,L
59,2020,Mid-level / Intermediate,Full-time,Data Scientist,138350,US,Fully remote,US,M
60,2020,Mid-level / Intermediate,Full-time,Data Engineer,110000,US,Fully remote,US,L
61,2020,Mid-level / Intermediate,Full-time,Data Engineer,130800,ES,Fully remote,US,M
62,2020,Entry-level / Junior,Part-time,Data Scientist,21669,IT,Partially Remote,IT,S
63,2020,Senior-level / Expert,Full-time,Data Scientist,412000,US,Fully remote,US,L
64,2020,Senior-level / Expert,Full-time,Machine Learning Engineer,45618,HR,Fully remote,HR,S
65,2020,Entry-level / Junior,Full-time,Data Scientist,62726,DE,Partially Remote,DE,S
66,2020,Entry-level / Junior,Full-time,Data Scientist,49268,DE,No remote,DE,S
67,2020,Senior-level / Expert,Full-time,Data Science Manager,190200,US,Fully remote,US,M
68,2020,Entry-level / Junior,Full-time,Data Scientist,105000,US,Fully remote,US,S
69,2020,Senior-level / Expert,Full-time,Data Scientist,91237,AT,No remote,AT,S
70,2020,Mid-level / Intermediate,Full-time,Data Scientist,62726,FR,Partially Remote,LU,S
71,2020,Mid-level / Intermediate,Full-time,Data Scientist,42197,FR,Partially Remote,FR,S
72,2021,Entry-level / Junior,Full-time,Research Scientist,82528,GB,Partially Remote,GB,L
73,2021,Executive-level / Director,Full-time,BI Data Analyst,150000,IN,Fully remote,US,L
74,2021,Executive-level / Director,Full-time,Head of Data,235000,US,Fully remote,US,L
75,2021,Senior-level / Expert,Full-time,Data Scientist,53192,FR,Partially Remote,FR,L
76,2021,Mid-level / Intermediate,Full-time,BI Data Analyst,100000,US,Fully remote,US,M
77,2021,Mid-level / Intermediate,Part-time,3D Computer Vision Researcher,5409,IN,Partially Remote,IN,M
78,2021,Mid-level / Intermediate,Contract,ML Engineer,270000,US,Fully remote,US,L
79,2021,Entry-level / Junior,Full-time,Data Analyst,80000,US,Fully remote,US,M
80,2021,Senior-level / Expert,Full-time,Data Analytics Engineer,79197,DE,Fully remote,DE,L
81,2021,Mid-level / Intermediate,Full-time,Data Engineer,140000,US,Fully remote,US,L
82,2021,Mid-level / Intermediate,Full-time,Applied Data Scientist,54238,GB,Partially Remote,CA,L
83,2021,Mid-level / Intermediate,Full-time,Machine Learning Engineer,47282,ES,Fully remote,ES,S
84,2021,Executive-level / Director,Full-time,Director of Data Science,153667,IT,Fully remote,PL,L
85,2021,Mid-level / Intermediate,Full-time,Data Engineer,28476,PL,Fully remote,PL,L
86,2021,Entry-level / Junior,Full-time,Data Analyst,59102,FR,Partially Remote,FR,M
87,2021,Mid-level / Intermediate,Full-time,Data Analytics Engineer,110000,US,Fully remote,US,L
88,2021,Senior-level / Expert,Full-time,Lead Data Analyst,170000,US,Fully remote,US,L
89,2021,Senior-level / Expert,Full-time,Data Analyst,80000,BG,Fully remote,US,S
90,2021,Senior-level / Expert,Full-time,Marketing Data Analyst,88654,GR,Fully remote,DK,L
91,2021,Entry-level / Junior,Full-time,Data Science Consultant,76833,DE,Fully remote,DE,S
92,2021,Mid-level / Intermediate,Full-time,Lead Data Analyst,19609,IN,Fully remote,IN,L
93,2021,Senior-level / Expert,Full-time,Lead Data Engineer,276000,US,No remote,US,L
94,2021,Entry-level / Junior,Full-time,Data Scientist,29751,IN,Partially Remote,IN,L
95,2021,Mid-level / Intermediate,Full-time,Cloud Data Engineer,89294,SG,Partially Remote,SG,L
96,2021,Entry-level / Junior,Part-time,AI Scientist,12000,BR,Fully remote,US,S
97,2021,Mid-level / Intermediate,Full-time,Financial Data Analyst,450000,US,Fully remote,US,L
98,2021,Entry-level / Junior,Full-time,Computer Vision Software Engineer,70000,US,Fully remote,US,M
99,2021,Mid-level / Intermediate,Full-time,Computer Vision Software Engineer,95746,DE,Fully remote,US,S
100,2021,Mid-level / Intermediate,Full-time,Data Analyst,75000,US,No remote,US,L
101,2021,Senior-level / Expert,Full-time,Data Engineer,150000,US,Fully remote,US,L
102,2021,Mid-level / Intermediate,Full-time,BI Data Analyst,36259,HU,Partially Remote,US,L
103,2021,Mid-level / Intermediate,Full-time,Data Analyst,62000,US,No remote,US,L
104,2021,Mid-level / Intermediate,Full-time,Data Scientist,73000,US,No remote,US,L
105,2021,Mid-level / Intermediate,Full-time,Data Analyst,51519,GB,Partially Remote,GB,L
106,2021,Mid-level / Intermediate,Full-time,Research Scientist,187442,CA,Fully remote,CA,L
107,2021,Senior-level / Expert,Full-time,Data Engineer,115000,US,Fully remote,US,S
108,2021,Senior-level / Expert,Full-time,Data Engineer,150000,US,Fully remote,US,M
109,2021,Entry-level / Junior,Full-time,Data Engineer,30428,IN,Fully remote,IN,L
110,2021,Senior-level / Expert,Full-time,Machine Learning Engineer,94564,DE,Partially Remote,DE,L
111,2021,Senior-level / Expert,Full-time,Director of Data Engineering,113476,GB,Fully remote,GB,M
112,2021,Senior-level / Expert,Full-time,Lead Data Engineer,103160,GB,Fully remote,GB,S
113,2021,Entry-level / Junior,Part-time,AI Scientist,12000,PK,Fully remote,US,M
114,2021,Mid-level / Intermediate,Full-time,Data Engineer,45391,NL,Fully remote,NL,L
115,2021,Entry-level / Junior,Full-time,Machine Learning Scientist,225000,US,Fully remote,US,L
116,2021,Mid-level / Intermediate,Full-time,Data Scientist,50000,NG,Fully remote,NG,L
117,2021,Mid-level / Intermediate,Full-time,Data Science Engineer,40189,GR,Fully remote,GR,M
118,2021,Entry-level / Junior,Full-time,Data Analyst,90000,US,Fully remote,US,S
119,2021,Mid-level / Intermediate,Full-time,Data Engineer,200000,US,Fully remote,US,L
120,2021,Mid-level / Intermediate,Full-time,Big Data Engineer,60000,ES,Partially Remote,RO,M
121,2021,Senior-level / Expert,Full-time,Principal Data Engineer,200000,US,Fully remote,US,M
122,2021,Entry-level / Junior,Full-time,Data Analyst,50000,US,Fully remote,US,M
123,2021,Entry-level / Junior,Full-time,Applied Data Scientist,110037,GB,No remote,GB,L
124,2021,Entry-level / Junior,Part-time,Data Analyst,10354,ES,Partially Remote,ES,M
125,2021,Mid-level / Intermediate,Full-time,Principal Data Scientist,151000,US,Fully remote,US,L
126,2021,Senior-level / Expert,Full-time,Machine Learning Scientist,120000,US,Partially Remote,US,S
127,2021,Mid-level / Intermediate,Full-time,Data Scientist,9466,IN,No remote,IN,S
128,2021,Entry-level / Junior,Full-time,Machine Learning Engineer,20000,IN,Fully remote,IN,S
129,2021,Senior-level / Expert,Full-time,Lead Data Scientist,40570,IN,Partially Remote,IN,L
130,2021,Entry-level / Junior,Full-time,Machine Learning Developer,100000,IQ,Partially Remote,IQ,S
131,2021,Entry-level / Junior,Full-time,Data Scientist,49646,FR,Partially Remote,FR,M
132,2021,Mid-level / Intermediate,Full-time,Applied Machine Learning Scientist,38400,VN,Fully remote,US,M
133,2021,Senior-level / Expert,Full-time,Computer Vision Engineer,24000,BR,Fully remote,BR,M
134,2021,Entry-level / Junior,Full-time,Data Scientist,100000,US,No remote,US,S
135,2021,Mid-level / Intermediate,Full-time,Data Analyst,90000,US,Fully remote,US,M
136,2021,Mid-level / Intermediate,Full-time,ML Engineer,63711,JP,Partially Remote,JP,S
137,2021,Mid-level / Intermediate,Full-time,ML Engineer,77364,JP,Partially Remote,JP,S
138,2021,Senior-level / Expert,Full-time,Principal Data Scientist,220000,US,No remote,US,L
139,2021,Entry-level / Junior,Full-time,Data Scientist,80000,US,Fully remote,US,M
140,2021,Mid-level / Intermediate,Full-time,Data Analyst,135000,US,Fully remote,US,L
141,2021,Senior-level / Expert,Full-time,Data Science Manager,240000,US,No remote,US,L
142,2021,Senior-level / Expert,Full-time,Data Engineering Manager,150000,US,No remote,US,L
143,2021,Mid-level / Intermediate,Full-time,Data Scientist,82500,US,Fully remote,US,S
144,2021,Mid-level / Intermediate,Full-time,Data Engineer,100000,US,Fully remote,US,L
145,2021,Senior-level / Expert,Full-time,Machine Learning Engineer,82744,BE,Partially Remote,BE,M
146,2021,Mid-level / Intermediate,Full-time,Research Scientist,62649,FR,Partially Remote,FR,M
147,2021,Mid-level / Intermediate,Full-time,Data Engineer,90000,US,Fully remote,US,L
148,2021,Senior-level / Expert,Full-time,Data Engineering Manager,153000,US,Fully remote,US,L
149,2021,Senior-level / Expert,Full-time,Cloud Data Engineer,160000,BR,Fully remote,US,S
150,2021,Senior-level / Expert,Full-time,Director of Data Science,168000,JP,No remote,JP,S
151,2021,Mid-level / Intermediate,Full-time,Data Scientist,150000,US,Fully remote,US,M
152,2021,Mid-level / Intermediate,Full-time,Data Scientist,75774,CA,Fully remote,CA,L
153,2021,Entry-level / Junior,Full-time,Data Scientist,13400,UA,Fully remote,UA,L
154,2021,Senior-level / Expert,Full-time,Data Science Manager,144000,US,Fully remote,US,L
155,2021,Senior-level / Expert,Full-time,Data Science Engineer,127221,CA,Partially Remote,CA,L
156,2021,Mid-level / Intermediate,Full-time,Data Scientist,119059,SG,Fully remote,IL,M
157,2021,Mid-level / Intermediate,Full-time,Applied Machine Learning Scientist,423000,US,Partially Remote,US,L
158,2021,Senior-level / Expert,Full-time,Data Analytics Manager,120000,US,Fully remote,US,M
159,2021,Entry-level / Junior,Full-time,Machine Learning Engineer,125000,US,Fully remote,US,S
160,2021,Executive-level / Director,Full-time,Head of Data,230000,RU,Partially Remote,RU,L
161,2021,Executive-level / Director,Full-time,Head of Data Science,85000,RU,No remote,RU,M
162,2021,Mid-level / Intermediate,Full-time,Data Engineer,28369,MT,Partially Remote,MT,L
163,2021,Entry-level / Junior,Full-time,Data Science Consultant,63831,DE,Partially Remote,DE,L
164,2021,Executive-level / Director,Full-time,Director of Data Science,130026,DE,Partially Remote,DE,M
165,2021,Senior-level / Expert,Full-time,Data Specialist,165000,US,Fully remote,US,L
166,2021,Entry-level / Junior,Full-time,Data Engineer,80000,US,Fully remote,US,L
167,2021,Executive-level / Director,Full-time,Director of Data Science,250000,US,No remote,US,L
168,2021,Entry-level / Junior,Full-time,BI Data Analyst,55000,US,Partially Remote,US,S
169,2021,Mid-level / Intermediate,Full-time,Data Architect,150000,US,Fully remote,US,L
170,2021,Mid-level / Intermediate,Full-time,Data Architect,170000,US,Fully remote,US,L
171,2021,Mid-level / Intermediate,Full-time,Data Engineer,82528,GB,Fully remote,GB,L
172,2021,Entry-level / Junior,Full-time,Data Analyst,60000,US,Fully remote,US,S
173,2021,Senior-level / Expert,Full-time,Principal Data Scientist,235000,US,Fully remote,US,L
174,2021,Senior-level / Expert,Full-time,Research Scientist,60757,PT,Partially Remote,PT,L
175,2021,Senior-level / Expert,Full-time,Data Engineering Manager,174000,US,Fully remote,US,L
176,2021,Mid-level / Intermediate,Full-time,Data Scientist,2859,MX,No remote,MX,S
177,2021,Mid-level / Intermediate,Full-time,Data Scientist,40038,CL,Fully remote,CL,L
178,2021,Entry-level / Junior,Full-time,Machine Learning Engineer,81000,US,Partially Remote,US,S
179,2021,Mid-level / Intermediate,Full-time,Data Scientist,5679,IN,Fully remote,US,S
180,2021,Mid-level / Intermediate,Full-time,Big Data Engineer,22611,IN,No remote,IN,L
181,2021,Mid-level / Intermediate,Full-time,Data Scientist,90734,DE,Partially Remote,DE,L
182,2021,Mid-level / Intermediate,Full-time,Data Engineer,26005,RO,No remote,US,L
183,2021,Senior-level / Expert,Full-time,Finance Data Analyst,61896,GB,Partially Remote,GB,L
184,2021,Mid-level / Intermediate,Freelance,Machine Learning Scientist,12000,PK,Partially Remote,PK,M
185,2021,Mid-level / Intermediate,Full-time,Data Engineer,4000,IR,Fully remote,IR,M
186,2021,Senior-level / Expert,Full-time,Data Analytics Engineer,50000,VN,Fully remote,GB,M
187,2021,Executive-level / Director,Full-time,Data Science Consultant,69741,FR,Fully remote,ES,S
188,2021,Senior-level / Expert,Full-time,Data Engineer,76833,RO,Partially Remote,GB,S
189,2021,Mid-level / Intermediate,Full-time,Machine Learning Engineer,74000,JP,Partially Remote,JP,S
190,2021,Senior-level / Expert,Full-time,Data Science Manager,152000,US,Fully remote,FR,L
191,2021,Entry-level / Junior,Full-time,Machine Learning Engineer,21844,CO,Partially Remote,CO,M
192,2021,Mid-level / Intermediate,Full-time,Big Data Engineer,18000,MD,No remote,MD,S
193,2021,Senior-level / Expert,Full-time,Data Science Manager,174000,US,Fully remote,US,L
194,2021,Senior-level / Expert,Full-time,Research Scientist,96113,CA,Partially Remote,CA,L
195,2021,Mid-level / Intermediate,Full-time,Data Scientist,147000,US,Partially Remote,US,L
196,2021,Entry-level / Junior,Full-time,BI Data Analyst,9272,KE,Fully remote,KE,S
197,2021,Senior-level / Expert,Full-time,Machine Learning Engineer,24342,IN,Fully remote,IN,L
198,2021,Senior-level / Expert,Full-time,Data Science Manager,54094,IN,Partially Remote,US,L
199,2021,Entry-level / Junior,Full-time,Data Science Consultant,90000,US,Fully remote,US,S
200,2021,Mid-level / Intermediate,Full-time,Data Scientist,61467,DE,Partially Remote,AT,M
201,2021,Senior-level / Expert,Full-time,Machine Learning Infrastructure Engineer,195000,US,Fully remote,US,M
202,2021,Mid-level / Intermediate,Full-time,Data Scientist,37825,ES,Fully remote,ES,L
203,2021,Senior-level / Expert,Full-time,Research Scientist,50000,FR,Fully remote,US,S
204,2021,Mid-level / Intermediate,Full-time,Data Scientist,160000,US,Fully remote,US,L
205,2021,Mid-level / Intermediate,Full-time,Data Scientist,12901,BR,No remote,BR,S
206,2021,Senior-level / Expert,Full-time,Machine Learning Engineer,200000,US,Fully remote,US,L
207,2021,Senior-level / Expert,Full-time,Data Engineer,165000,US,No remote,US,M
208,2021,Mid-level / Intermediate,Freelance,Data Engineer,20000,IT,No remote,US,L
209,2021,Senior-level / Expert,Full-time,Data Analytics Manager,120000,US,No remote,US,L
210,2021,Mid-level / Intermediate,Full-time,Machine Learning Engineer,24823,SI,Partially Remote,SI,L
211,2021,Mid-level / Intermediate,Full-time,Research Scientist,56738,FR,Partially Remote,FR,S
212,2021,Mid-level / Intermediate,Full-time,Data Engineer,66022,HK,Partially Remote,GB,S
213,2021,Entry-level / Junior,Full-time,Big Data Engineer,5882,IN,No remote,CH,L
214,2021,Entry-level / Junior,Full-time,Machine Learning Engineer,24823,DE,Partially Remote,DE,M
215,2021,Senior-level / Expert,Full-time,Principal Data Engineer,185000,US,Fully remote,US,L
216,2021,Entry-level / Junior,Part-time,Computer Vision Engineer,28609,DK,Partially Remote,DK,S
217,2021,Mid-level / Intermediate,Full-time,Data Scientist,90734,DE,Partially Remote,DE,L
218,2021,Mid-level / Intermediate,Full-time,Machine Learning Engineer,88654,BE,Fully remote,BE,M
219,2021,Senior-level / Expert,Full-time,Data Analytics Manager,140000,US,Fully remote,US,L
220,2021,Mid-level / Intermediate,Full-time,Machine Learning Engineer,46597,PL,Fully remote,PL,L
221,2021,Mid-level / Intermediate,Full-time,Data Scientist,116914,GB,Partially Remote,GB,L
222,2021,Mid-level / Intermediate,Full-time,Data Scientist,33808,IN,No remote,IN,M
223,2021,Mid-level / Intermediate,Full-time,Data Scientist,56256,GB,Partially Remote,GB,L
224,2021,Senior-level / Expert,Full-time,Machine Learning Scientist,225000,US,Fully remote,CA,L
225,2021,Executive-level / Director,Contract,Principal Data Scientist,416000,US,Fully remote,US,S
226,2021,Senior-level / Expert,Full-time,Data Scientist,87738,CA,Fully remote,CA,S
227,2021,Mid-level / Intermediate,Full-time,Data Scientist,88654,DE,Partially Remote,DE,L
228,2021,Senior-level / Expert,Full-time,Data Scientist,135000,US,No remote,US,L
229,2021,Senior-level / Expert,Full-time,Data Analyst,71786,CA,Fully remote,CA,M
230,2021,Entry-level / Junior,Full-time,Big Data Engineer,16228,IN,Fully remote,IN,L
231,2021,Senior-level / Expert,Full-time,ML Engineer,256000,US,Fully remote,US,S
232,2021,Senior-level / Expert,Full-time,Director of Data Engineering,200000,US,Fully remote,US,L
233,2021,Senior-level / Expert,Full-time,Data Analyst,200000,US,Fully remote,US,L
234,2021,Mid-level / Intermediate,Full-time,Data Architect,180000,US,Fully remote,US,L
235,2021,Mid-level / Intermediate,Full-time,Head of Data Science,110000,US,No remote,US,S
236,2021,Mid-level / Intermediate,Full-time,Research Scientist,63810,CA,Fully remote,CA,M
237,2021,Mid-level / Intermediate,Full-time,Data Scientist,46809,ES,Fully remote,ES,M
238,2021,Entry-level / Junior,Full-time,Data Scientist,4000,VN,No remote,VN,M
239,2021,Entry-level / Junior,Full-time,Data Engineer,21637,IN,Partially Remote,IN,M
240,2021,Senior-level / Expert,Full-time,Data Scientist,103691,CA,Fully remote,CA,L
241,2021,Mid-level / Intermediate,Full-time,Data Analyst,80000,US,Fully remote,US,L
242,2021,Mid-level / Intermediate,Full-time,Data Engineer,110000,US,Fully remote,US,L
243,2021,Senior-level / Expert,Full-time,Data Scientist,165000,US,Fully remote,US,L
244,2021,Entry-level / Junior,Full-time,AI Scientist,18053,IN,Fully remote,AS,S
245,2021,Mid-level / Intermediate,Full-time,Data Engineer,72212,GB,Partially Remote,GB,L
246,2021,Entry-level / Junior,Full-time,Data Scientist,36643,FR,Partially Remote,FR,L
247,2021,Mid-level / Intermediate,Full-time,Data Engineer,12103,TR,No remote,TR,M
248,2021,Senior-level / Expert,Full-time,Data Engineer,96282,GB,Partially Remote,GB,L
249,2021,Senior-level / Expert,Full-time,Principal Data Analyst,170000,US,Fully remote,US,M
250,2021,Mid-level / Intermediate,Full-time,Data Scientist,115000,US,Partially Remote,US,L
251,2021,Entry-level / Junior,Full-time,Data Scientist,90000,US,Fully remote,US,S
252,2021,Executive-level / Director,Full-time,Principal Data Engineer,600000,US,Fully remote,US,L
253,2021,Entry-level / Junior,Full-time,Data Scientist,28399,IN,Fully remote,IN,M
254,2021,Mid-level / Intermediate,Full-time,Data Analyst,93000,US,Fully remote,US,L
255,2021,Senior-level / Expert,Full-time,Big Data Architect,99703,CA,Partially Remote,CA,M
256,2021,Mid-level / Intermediate,Full-time,Data Engineer,200000,US,Fully remote,US,L
257,2021,Senior-level / Expert,Full-time,Principal Data Scientist,173762,DE,Fully remote,DE,M
258,2021,Senior-level / Expert,Full-time,Machine Learning Engineer,185000,US,Partially Remote,US,L
259,2021,Executive-level / Director,Full-time,Director of Data Science,141846,DE,No remote,DE,L
260,2021,Mid-level / Intermediate,Full-time,Data Scientist,130000,US,Partially Remote,US,L
261,2021,Senior-level / Expert,Full-time,Data Analyst,63831,DE,Partially Remote,DE,L
262,2021,Mid-level / Intermediate,Full-time,Data Scientist,16904,IN,Fully remote,IN,S
263,2021,Senior-level / Expert,Full-time,Machine Learning Engineer,66265,IN,No remote,IN,L
264,2021,Mid-level / Intermediate,Full-time,Data Scientist,25532,RS,Fully remote,DE,S
265,2021,Senior-level / Expert,Full-time,Lead Data Engineer,160000,PR,Partially Remote,US,S
266,2021,Mid-level / Intermediate,Full-time,Data Engineer,93150,US,No remote,US,M
267,2021,Mid-level / Intermediate,Full-time,Data Engineer,111775,US,No remote,US,M
268,2021,Mid-level / Intermediate,Full-time,Data Engineer,28016,TR,Fully remote,TR,M
269,2021,Entry-level / Junior,Full-time,Data Engineer,65013,DE,Partially Remote,DE,M
270,2021,Entry-level / Junior,Full-time,Data Engineer,72500,US,Fully remote,US,L
271,2021,Senior-level / Expert,Full-time,Computer Vision Engineer,18907,BR,No remote,BR,M
272,2021,Entry-level / Junior,Full-time,Data Science Consultant,76833,DE,No remote,DE,L
273,2021,Entry-level / Junior,Full-time,Machine Learning Engineer,85000,NL,Fully remote,DE,S
274,2021,Senior-level / Expert,Full-time,Data Scientist,77684,FR,Partially Remote,FR,M
275,2021,Entry-level / Junior,Full-time,Data Scientist,100000,US,Fully remote,US,M
276,2021,Entry-level / Junior,Full-time,Data Scientist,58000,US,Partially Remote,US,L
277,2021,Senior-level / Expert,Full-time,AI Scientist,55000,ES,Fully remote,ES,L
278,2021,Senior-level / Expert,Full-time,Data Scientist,20171,TR,Partially Remote,TR,L
279,2021,Entry-level / Junior,Full-time,Business Data Analyst,59102,LU,Fully remote,LU,L
280,2021,Mid-level / Intermediate,Full-time,Data Engineer,112000,US,Fully remote,US,L
281,2021,Entry-level / Junior,Full-time,Research Scientist,100000,JE,No remote,CN,L
282,2021,Mid-level / Intermediate,Part-time,Data Engineer,69741,NL,Fully remote,NL,L
283,2021,Senior-level / Expert,Contract,Staff Data Scientist,105000,US,Fully remote,US,M
284,2021,Mid-level / Intermediate,Full-time,Research Scientist,69999,CZ,Partially Remote,CZ,L
285,2021,Senior-level / Expert,Full-time,Data Science Manager,94665,IN,Partially Remote,IN,L
286,2021,Senior-level / Expert,Full-time,Head of Data,102839,SI,Fully remote,SI,L
287,2021,Mid-level / Intermediate,Full-time,Data Scientist,109000,US,Partially Remote,US,L
288,2021,Mid-level / Intermediate,Full-time,Machine Learning Engineer,51064,IT,Partially Remote,IT,L
289,2022,Senior-level / Expert,Full-time,Data Engineer,135000,US,Fully remote,US,M
290,2022,Senior-level / Expert,Full-time,Data Analyst,155000,US,Fully remote,US,M
291,2022,Senior-level / Expert,Full-time,Data Analyst,120600,US,Fully remote,US,M
292,2022,Mid-level / Intermediate,Full-time,Data Scientist,130000,US,No remote,US,M
293,2022,Mid-level / Intermediate,Full-time,Data Scientist,90000,US,No remote,US,M
294,2022,Mid-level / Intermediate,Full-time,Data Engineer,170000,US,Fully remote,US,M
295,2022,Mid-level / Intermediate,Full-time,Data Engineer,150000,US,Fully remote,US,M
296,2022,Senior-level / Expert,Full-time,Data Analyst,102100,US,Fully remote,US,M
297,2022,Senior-level / Expert,Full-time,Data Analyst,84900,US,Fully remote,US,M
298,2022,Senior-level / Expert,Full-time,Data Scientist,136620,US,Fully remote,US,M
299,2022,Senior-level / Expert,Full-time,Data Scientist,99360,US,Fully remote,US,M
300,2022,Senior-level / Expert,Full-time,Data Scientist,117789,GB,No remote,GB,M
301,2022,Senior-level / Expert,Full-time,Data Scientist,104702,GB,No remote,GB,M
302,2022,Senior-level / Expert,Full-time,Data Scientist,146000,US,Fully remote,US,M
303,2022,Senior-level / Expert,Full-time,Data Scientist,123000,US,Fully remote,US,M
304,2022,Entry-level / Junior,Full-time,Data Engineer,52351,GB,Fully remote,GB,M
305,2022,Senior-level / Expert,Full-time,Data Analyst,99000,US,No remote,US,M
306,2022,Senior-level / Expert,Full-time,Data Analyst,116000,US,No remote,US,M
307,2022,Mid-level / Intermediate,Full-time,Data Analyst,106260,US,No remote,US,M
308,2022,Mid-level / Intermediate,Full-time,Data Analyst,126500,US,No remote,US,M
309,2022,Executive-level / Director,Full-time,Data Engineer,242000,US,Fully remote,US,M
310,2022,Executive-level / Director,Full-time,Data Engineer,200000,US,Fully remote,US,M
311,2022,Mid-level / Intermediate,Full-time,Data Scientist,65438,GB,No remote,GB,M
312,2022,Mid-level / Intermediate,Full-time,Data Scientist,39263,GB,No remote,GB,M
313,2022,Mid-level / Intermediate,Full-time,Data Engineer,78526,GB,No remote,GB,M
314,2022,Mid-level / Intermediate,Full-time,Data Engineer,52351,GB,No remote,GB,M
315,2022,Senior-level / Expert,Full-time,Data Scientist,165220,US,Fully remote,US,M
316,2022,Entry-level / Junior,Full-time,Data Engineer,45807,GB,Fully remote,GB,M
317,2022,Senior-level / Expert,Full-time,Data Scientist,120160,US,Fully remote,US,M
318,2022,Senior-level / Expert,Full-time,Data Analyst,90320,US,Fully remote,US,M
319,2022,Senior-level / Expert,Full-time,Data Engineer,181940,US,No remote,US,M
320,2022,Senior-level / Expert,Full-time,Data Engineer,132320,US,No remote,US,M
321,2022,Senior-level / Expert,Full-time,Data Engineer,220110,US,No remote,US,M
322,2022,Senior-level / Expert,Full-time,Data Engineer,160080,US,No remote,US,M
323,2022,Senior-level / Expert,Full-time,Data Scientist,180000,US,No remote,US,L
324,2022,Senior-level / Expert,Full-time,Data Scientist,120000,US,No remote,US,L
325,2022,Senior-level / Expert,Full-time,Data Analyst,124190,US,Fully remote,US,M
326,2022,Executive-level / Director,Full-time,Data Analyst,130000,US,Fully remote,US,M
327,2022,Executive-level / Director,Full-time,Data Analyst,110000,US,Fully remote,US,M
328,2022,Senior-level / Expert,Full-time,Data Analyst,170000,US,Fully remote,US,M
329,2022,Mid-level / Intermediate,Full-time,Data Analyst,115500,US,Fully remote,US,M
330,2022,Senior-level / Expert,Full-time,Data Analyst,112900,US,Fully remote,US,M
331,2022,Senior-level / Expert,Full-time,Data Analyst,90320,US,Fully remote,US,M
332,2022,Senior-level / Expert,Full-time,Data Analyst,112900,US,Fully remote,US,M
333,2022,Senior-level / Expert,Full-time,Data Analyst,90320,US,Fully remote,US,M
334,2022,Senior-level / Expert,Full-time,Data Engineer,165400,US,Fully remote,US,M
335,2022,Senior-level / Expert,Full-time,Data Engineer,132320,US,Fully remote,US,M
336,2022,Mid-level / Intermediate,Full-time,Data Analyst,167000,US,Fully remote,US,M
337,2022,Senior-level / Expert,Full-time,Data Engineer,243900,US,Fully remote,US,M
338,2022,Senior-level / Expert,Full-time,Data Analyst,136600,US,Fully remote,US,M
339,2022,Senior-level / Expert,Full-time,Data Analyst,109280,US,Fully remote,US,M
340,2022,Senior-level / Expert,Full-time,Data Engineer,128875,US,Fully remote,US,M
341,2022,Senior-level / Expert,Full-time,Data Engineer,93700,US,Fully remote,US,M
342,2022,Executive-level / Director,Full-time,Head of Data Science,224000,US,Fully remote,US,M
343,2022,Executive-level / Director,Full-time,Head of Data Science,167875,US,Fully remote,US,M
344,2022,Executive-level / Director,Full-time,Analytics Engineer,175000,US,Fully remote,US,M
345,2022,Senior-level / Expert,Full-time,Data Engineer,156600,US,Fully remote,US,M
346,2022,Senior-level / Expert,Full-time,Data Engineer,108800,US,No remote,US,M
347,2022,Senior-level / Expert,Full-time,Data Scientist,95550,US,No remote,US,M
348,2022,Senior-level / Expert,Full-time,Data Engineer,113000,US,No remote,US,L
349,2022,Senior-level / Expert,Full-time,Data Analyst,135000,US,Fully remote,US,M
350,2022,Senior-level / Expert,Full-time,Data Science Manager,161342,US,Fully remote,US,M
351,2022,Senior-level / Expert,Full-time,Data Science Manager,137141,US,Fully remote,US,M
352,2022,Senior-level / Expert,Full-time,Data Scientist,167000,US,Fully remote,US,M
353,2022,Senior-level / Expert,Full-time,Data Scientist,123000,US,Fully remote,US,M
354,2022,Senior-level / Expert,Full-time,Data Engineer,78526,GB,No remote,GB,M
355,2022,Senior-level / Expert,Full-time,Data Engineer,65438,GB,No remote,GB,M
356,2022,Senior-level / Expert,Full-time,Data Scientist,150000,US,No remote,US,M
357,2022,Senior-level / Expert,Full-time,Data Scientist,211500,US,Fully remote,US,M
358,2022,Senior-level / Expert,Full-time,Data Architect,192400,CA,Fully remote,CA,M
359,2022,Senior-level / Expert,Full-time,Data Architect,90700,CA,Fully remote,CA,M
360,2022,Senior-level / Expert,Full-time,Data Analyst,130000,CA,Fully remote,CA,M
361,2022,Senior-level / Expert,Full-time,Data Analyst,61300,CA,Fully remote,CA,M
362,2022,Senior-level / Expert,Full-time,Data Analyst,130000,CA,Fully remote,CA,M
363,2022,Senior-level / Expert,Full-time,Data Analyst,61300,CA,Fully remote,CA,M
364,2022,Senior-level / Expert,Full-time,Data Engineer,160000,US,No remote,US,L
365,2022,Senior-level / Expert,Full-time,Data Scientist,138600,US,Fully remote,US,M
366,2022,Senior-level / Expert,Full-time,Data Engineer,136000,US,No remote,US,M
367,2022,Mid-level / Intermediate,Full-time,Data Analyst,58000,US,No remote,US,S
368,2022,Executive-level / Director,Full-time,Analytics Engineer,135000,US,Fully remote,US,M
369,2022,Senior-level / Expert,Full-time,Data Scientist,170000,US,Fully remote,US,M
370,2022,Senior-level / Expert,Full-time,Data Scientist,123000,US,Fully remote,US,M
371,2022,Senior-level / Expert,Full-time,Machine Learning Engineer,189650,US,No remote,US,M
372,2022,Senior-level / Expert,Full-time,Machine Learning Engineer,164996,US,No remote,US,M
373,2022,Mid-level / Intermediate,Full-time,ETL Developer,54957,GR,No remote,GR,M
374,2022,Mid-level / Intermediate,Full-time,ETL Developer,54957,GR,No remote,GR,M
375,2022,Executive-level / Director,Full-time,Lead Data Engineer,118187,CA,Fully remote,CA,S
376,2022,Senior-level / Expert,Full-time,Data Analyst,132000,US,No remote,US,M
377,2022,Senior-level / Expert,Full-time,Data Engineer,165400,US,Fully remote,US,M
378,2022,Senior-level / Expert,Full-time,Data Architect,208775,US,Fully remote,US,M
379,2022,Senior-level / Expert,Full-time,Data Architect,147800,US,Fully remote,US,M
380,2022,Senior-level / Expert,Full-time,Data Engineer,136994,US,Fully remote,US,M
381,2022,Senior-level / Expert,Full-time,Data Engineer,101570,US,Fully remote,US,M
382,2022,Senior-level / Expert,Full-time,Data Analyst,128875,US,Fully remote,US,M
383,2022,Senior-level / Expert,Full-time,Data Analyst,93700,US,Fully remote,US,M
384,2022,Executive-level / Director,Full-time,Head of Machine Learning,79039,IN,Partially Remote,IN,L
385,2022,Senior-level / Expert,Full-time,Data Engineer,132320,US,Fully remote,US,M
386,2022,Entry-level / Junior,Full-time,Machine Learning Engineer,37300,GB,Fully remote,GB,L
387,2022,Senior-level / Expert,Full-time,Data Analyst,164000,US,No remote,US,M
388,2022,Senior-level / Expert,Full-time,Data Engineer,155000,US,Fully remote,US,M
389,2022,Mid-level / Intermediate,Full-time,Machine Learning Engineer,124333,GB,No remote,GB,M
390,2022,Mid-level / Intermediate,Full-time,Machine Learning Engineer,98158,GB,No remote,GB,M
391,2022,Mid-level / Intermediate,Full-time,AI Scientist,120000,US,No remote,US,M
392,2022,Senior-level / Expert,Full-time,Data Analyst,112900,US,Fully remote,US,M
393,2022,Senior-level / Expert,Full-time,Data Analyst,90320,US,Fully remote,US,M
394,2022,Senior-level / Expert,Full-time,Data Analytics Manager,145000,US,Fully remote,US,M
395,2022,Senior-level / Expert,Full-time,Data Analytics Manager,105400,US,Fully remote,US,M
396,2022,Mid-level / Intermediate,Full-time,Machine Learning Engineer,87932,FR,Fully remote,DE,M
397,2022,Mid-level / Intermediate,Full-time,Data Engineer,117789,GB,No remote,GB,M
398,2022,Senior-level / Expert,Full-time,Data Scientist,215300,US,Fully remote,US,L
399,2022,Senior-level / Expert,Full-time,Data Scientist,158200,US,Fully remote,US,L
400,2022,Senior-level / Expert,Full-time,Data Engineer,209100,US,Fully remote,US,L
401,2022,Senior-level / Expert,Full-time,Data Engineer,154600,US,Fully remote,US,L
402,2022,Senior-level / Expert,Full-time,Data Analyst,115934,US,No remote,US,M
403,2022,Senior-level / Expert,Full-time,Data Analyst,81666,US,No remote,US,M
404,2022,Senior-level / Expert,Full-time,Data Engineer,175000,US,Fully remote,US,M
405,2022,Mid-level / Intermediate,Full-time,Data Engineer,98158,GB,No remote,GB,M
406,2022,Mid-level / Intermediate,Full-time,Data Analyst,58000,US,No remote,US,S
407,2022,Senior-level / Expert,Full-time,Data Engineer,183600,US,Fully remote,US,L
408,2022,Mid-level / Intermediate,Full-time,Data Analyst,52351,GB,Fully remote,GB,M
409,2022,Senior-level / Expert,Full-time,Data Scientist,180000,US,Fully remote,US,M
410,2022,Mid-level / Intermediate,Full-time,Data Scientist,71982,GB,No remote,GB,M
411,2022,Mid-level / Intermediate,Full-time,Data Scientist,45807,GB,No remote,GB,M
412,2022,Mid-level / Intermediate,Full-time,Data Engineer,65949,GR,Fully remote,GR,M
413,2022,Mid-level / Intermediate,Full-time,Data Engineer,49461,GR,Fully remote,GR,M
414,2022,Mid-level / Intermediate,Full-time,Data Engineer,78526,GB,Fully remote,GB,M
415,2022,Mid-level / Intermediate,Full-time,Data Engineer,58894,GB,Fully remote,GB,M
416,2022,Senior-level / Expert,Full-time,Data Scientist,260000,US,Fully remote,US,M
417,2022,Senior-level / Expert,Full-time,Data Science Engineer,60000,AR,Fully remote,MX,L
418,2022,Mid-level / Intermediate,Full-time,Data Engineer,63900,US,No remote,US,M
419,2022,Mid-level / Intermediate,Full-time,Machine Learning Scientist,160000,US,Fully remote,US,L
420,2022,Mid-level / Intermediate,Full-time,Machine Learning Scientist,112300,US,Fully remote,US,L
421,2022,Mid-level / Intermediate,Full-time,Data Science Manager,241000,US,Fully remote,US,M
422,2022,Mid-level / Intermediate,Full-time,Data Science Manager,159000,US,Fully remote,US,M
423,2022,Senior-level / Expert,Full-time,Data Scientist,180000,US,No remote,US,M
424,2022,Senior-level / Expert,Full-time,Data Scientist,80000,US,No remote,US,M
425,2022,Mid-level / Intermediate,Full-time,Data Engineer,82900,US,No remote,US,M
426,2022,Senior-level / Expert,Full-time,Data Engineer,100800,US,Fully remote,US,L
427,2022,Mid-level / Intermediate,Full-time,Data Engineer,49461,ES,Fully remote,ES,M
428,2022,Senior-level / Expert,Full-time,Data Scientist,140400,US,No remote,US,L
429,2022,Mid-level / Intermediate,Full-time,Data Analyst,39263,GB,Fully remote,GB,M
430,2022,Mid-level / Intermediate,Full-time,Data Analyst,43966,ES,Fully remote,ES,M
431,2022,Mid-level / Intermediate,Full-time,Data Analyst,32974,ES,Fully remote,ES,M
432,2022,Mid-level / Intermediate,Full-time,Data Engineer,87932,ES,Fully remote,ES,M
433,2022,Mid-level / Intermediate,Full-time,Data Engineer,76940,ES,Fully remote,ES,M
434,2022,Mid-level / Intermediate,Full-time,Data Engineer,104702,GB,Fully remote,GB,M
435,2022,Mid-level / Intermediate,Full-time,Data Engineer,91614,GB,Fully remote,GB,M
436,2022,Mid-level / Intermediate,Full-time,Data Engineer,65949,ES,Fully remote,ES,M
437,2022,Mid-level / Intermediate,Full-time,Data Engineer,87932,GR,Fully remote,GR,M
438,2022,Senior-level / Expert,Full-time,Machine Learning Engineer,189650,US,No remote,US,M
439,2022,Senior-level / Expert,Full-time,Machine Learning Engineer,164996,US,No remote,US,M
440,2022,Mid-level / Intermediate,Full-time,Data Analyst,43966,GR,Fully remote,GR,M
441,2022,Mid-level / Intermediate,Full-time,Data Analyst,32974,GR,Fully remote,GR,M
442,2022,Mid-level / Intermediate,Full-time,Data Engineer,98158,GB,Fully remote,GB,M
443,2022,Mid-level / Intermediate,Full-time,Data Engineer,78526,GB,Fully remote,GB,M
444,2022,Senior-level / Expert,Full-time,Data Scientist,215300,US,No remote,US,L
445,2022,Mid-level / Intermediate,Full-time,Data Engineer,76940,GR,Fully remote,GR,M
446,2022,Senior-level / Expert,Full-time,Data Engineer,209100,US,Fully remote,US,L
447,2022,Senior-level / Expert,Full-time,Data Engineer,154600,US,Fully remote,US,L
448,2022,Senior-level / Expert,Full-time,Data Engineer,180000,US,Fully remote,US,M
449,2022,Entry-level / Junior,Full-time,ML Engineer,21983,PT,Fully remote,PT,L
450,2022,Senior-level / Expert,Full-time,Data Engineer,80000,US,Fully remote,US,M
451,2022,Mid-level / Intermediate,Full-time,Machine Learning Developer,78791,CA,Fully remote,CA,M
452,2022,Executive-level / Director,Full-time,Director of Data Science,196979,CA,Partially Remote,CA,L
453,2022,Mid-level / Intermediate,Full-time,Machine Learning Engineer,120000,US,Fully remote,US,S
454,2022,Entry-level / Junior,Full-time,Computer Vision Engineer,125000,US,No remote,US,M
455,2022,Mid-level / Intermediate,Full-time,NLP Engineer,37236,US,Partially Remote,US,L
456,2022,Senior-level / Expert,Full-time,Data Engineer,105000,US,Fully remote,US,M
457,2022,Senior-level / Expert,Full-time,Lead Machine Learning Engineer,87932,DE,No remote,DE,M
458,2022,Mid-level / Intermediate,Full-time,Business Data Analyst,18442,IN,Fully remote,IN,M
459,2022,Mid-level / Intermediate,Full-time,Data Scientist,31615,IN,Fully remote,IN,L
460,2022,Mid-level / Intermediate,Full-time,Machine Learning Infrastructure Engineer,58255,PT,Partially Remote,PT,L
461,2022,Entry-level / Junior,Full-time,Financial Data Analyst,100000,US,Partially Remote,US,L
462,2022,Mid-level / Intermediate,Part-time,Data Engineer,54957,DE,Partially Remote,DE,L
463,2022,Entry-level / Junior,Full-time,Data Scientist,18442,IN,Fully remote,IN,M
464,2022,Senior-level / Expert,Full-time,Principal Data Scientist,162674,DE,Fully remote,DE,M
465,2022,Entry-level / Junior,Full-time,Data Engineer,120000,US,Fully remote,US,M
466,2022,Senior-level / Expert,Full-time,Research Scientist,144000,US,Partially Remote,US,L
467,2022,Senior-level / Expert,Full-time,Data Scientist,104890,US,Fully remote,US,M
468,2022,Senior-level / Expert,Full-time,Data Engineer,100000,US,Fully remote,US,M
469,2022,Senior-level / Expert,Full-time,Data Scientist,140000,US,Fully remote,US,M
470,2022,Mid-level / Intermediate,Full-time,Data Analyst,135000,US,Fully remote,US,M
471,2022,Mid-level / Intermediate,Full-time,Data Analyst,50000,US,Fully remote,US,M
472,2022,Senior-level / Expert,Full-time,Data Scientist,220000,US,Fully remote,US,M
473,2022,Senior-level / Expert,Full-time,Data Scientist,140000,US,Fully remote,US,M
474,2022,Mid-level / Intermediate,Full-time,Data Scientist,183228,GB,No remote,GB,M
475,2022,Mid-level / Intermediate,Full-time,Data Scientist,91614,GB,No remote,GB,M
476,2022,Senior-level / Expert,Full-time,Data Scientist,185100,US,Fully remote,US,M
477,2022,Senior-level / Expert,Full-time,Machine Learning Engineer,220000,US,Fully remote,US,M
478,2022,Mid-level / Intermediate,Full-time,Data Scientist,200000,US,Fully remote,US,M
479,2022,Mid-level / Intermediate,Full-time,Data Scientist,120000,US,Fully remote,US,M
480,2022,Senior-level / Expert,Full-time,Machine Learning Engineer,120000,AE,Fully remote,AE,S
481,2022,Senior-level / Expert,Full-time,Machine Learning Engineer,65000,AE,Fully remote,AE,S
482,2022,Executive-level / Director,Full-time,Data Engineer,324000,US,Fully remote,US,M
483,2022,Executive-level / Director,Full-time,Data Engineer,216000,US,Fully remote,US,M
484,2022,Senior-level / Expert,Full-time,Data Engineer,210000,US,Fully remote,US,M
485,2022,Senior-level / Expert,Full-time,Machine Learning Engineer,120000,US,Fully remote,US,M
486,2022,Senior-level / Expert,Full-time,Data Scientist,230000,US,Fully remote,US,M
487,2022,Entry-level / Junior,Part-time,Data Scientist,100000,DZ,Partially Remote,DZ,M
488,2022,Mid-level / Intermediate,Freelance,Data Scientist,100000,CA,Fully remote,US,M
489,2022,Entry-level / Junior,Contract,Applied Machine Learning Scientist,31875,TN,Fully remote,CZ,M
490,2022,Senior-level / Expert,Full-time,Head of Data,200000,MY,Fully remote,US,M
491,2022,Mid-level / Intermediate,Full-time,Principal Data Analyst,75000,CA,Fully remote,CA,S
492,2022,Mid-level / Intermediate,Full-time,Data Scientist,35590,PL,Fully remote,PL,L
493,2022,Senior-level / Expert,Full-time,Machine Learning Developer,78791,CA,Fully remote,CA,M
494,2022,Senior-level / Expert,Full-time,Data Scientist,100000,BR,Fully remote,US,M
495,2022,Mid-level / Intermediate,Full-time,Machine Learning Scientist,153000,US,Partially Remote,US,M
496,2022,Entry-level / Junior,Full-time,Data Engineer,58035,PK,Fully remote,DE,M
497,2022,Senior-level / Expert,Full-time,Data Scientist,165000,US,Fully remote,US,M
498,2022,Senior-level / Expert,Full-time,Research Scientist,93427,FR,Partially Remote,FR,L
499,2022,Entry-level / Junior,Full-time,Data Scientist,52396,CA,Fully remote,CA,L
500,2022,Senior-level / Expert,Full-time,Machine Learning Engineer,62651,NL,Fully remote,NL,L
501,2022,Mid-level / Intermediate,Full-time,Head of Data,32974,EE,Fully remote,EE,S
502,2022,Entry-level / Junior,Full-time,Data Scientist,40000,JP,Fully remote,MY,L
503,2022,Mid-level / Intermediate,Full-time,Machine Learning Engineer,87425,AU,Fully remote,AU,L
504,2022,Senior-level / Expert,Full-time,Data Engineer,115000,US,Fully remote,US,M
505,2022,Entry-level / Junior,Full-time,Data Scientist,86703,AU,Partially Remote,AU,M
506,2022,Mid-level / Intermediate,Full-time,Applied Machine Learning Scientist,75000,BO,Fully remote,US,L
507,2022,Mid-level / Intermediate,Full-time,Research Scientist,64849,AT,No remote,AT,L
508,2022,Entry-level / Junior,Full-time,Research Scientist,120000,US,Fully remote,US,L
509,2022,Mid-level / Intermediate,Full-time,Applied Data Scientist,157000,US,Fully remote,US,L
510,2022,Entry-level / Junior,Full-time,Computer Vision Software Engineer,150000,AU,Fully remote,AU,S
511,2022,Mid-level / Intermediate,Full-time,Business Data Analyst,70912,CA,Partially Remote,CA,L
512,2022,Entry-level / Junior,Full-time,Data Engineer,65000,US,Fully remote,US,S
513,2022,Senior-level / Expert,Full-time,Machine Learning Engineer,71444,IE,Fully remote,IE,S
514,2022,Entry-level / Junior,Full-time,Data Analytics Engineer,20000,PK,No remote,PK,M
515,2022,Mid-level / Intermediate,Full-time,Data Scientist,48000,RU,Fully remote,US,S
516,2022,Senior-level / Expert,Full-time,Data Science Manager,152500,US,Fully remote,US,M
517,2022,Mid-level / Intermediate,Full-time,Data Engineer,68147,FR,Fully remote,FR,M
518,2022,Mid-level / Intermediate,Full-time,Data Scientist,122346,CH,No remote,CH,L
519,2022,Senior-level / Expert,Full-time,Applied Data Scientist,380000,US,Fully remote,US,L
520,2022,Mid-level / Intermediate,Full-time,Data Scientist,69336,CA,Fully remote,CA,M
521,2022,Entry-level / Junior,Full-time,Computer Vision Engineer,10000,PT,Fully remote,LU,M
522,2022,Mid-level / Intermediate,Full-time,Data Analyst,20000,GR,Fully remote,GR,S
523,2022,Senior-level / Expert,Full-time,Data Analytics Lead,405000,US,Fully remote,US,L
524,2022,Mid-level / Intermediate,Full-time,Data Scientist,135000,US,Fully remote,US,L
525,2022,Senior-level / Expert,Full-time,Applied Data Scientist,177000,US,Fully remote,US,L
526,2022,Mid-level / Intermediate,Full-time,Data Scientist,78000,US,Fully remote,US,M
527,2022,Senior-level / Expert,Full-time,Data Analyst,135000,US,Fully remote,US,M
528,2022,Senior-level / Expert,Full-time,Data Analyst,100000,US,Fully remote,US,M
529,2022,Senior-level / Expert,Full-time,Data Analyst,90320,US,Fully remote,US,M
530,2022,Mid-level / Intermediate,Full-time,Data Analyst,85000,CA,No remote,CA,M
531,2022,Mid-level / Intermediate,Full-time,Data Analyst,75000,CA,No remote,CA,M
532,2022,Senior-level / Expert,Full-time,Machine Learning Engineer,214000,US,Fully remote,US,M
533,2022,Senior-level / Expert,Full-time,Machine Learning Engineer,192600,US,Fully remote,US,M
534,2022,Senior-level / Expert,Full-time,Data Architect,266400,US,Fully remote,US,M
535,2022,Senior-level / Expert,Full-time,Data Architect,213120,US,Fully remote,US,M
536,2022,Senior-level / Expert,Full-time,Data Analyst,112900,US,Fully remote,US,M
537,2022,Senior-level / Expert,Full-time,Data Engineer,155000,US,Fully remote,US,M
538,2022,Mid-level / Intermediate,Full-time,Data Scientist,141300,US,No remote,US,M
539,2022,Mid-level / Intermediate,Full-time,Data Scientist,102100,US,No remote,US,M
540,2022,Senior-level / Expert,Full-time,Data Analyst,115934,US,Fully remote,US,M
541,2022,Senior-level / Expert,Full-time,Data Analyst,81666,US,Fully remote,US,M
542,2022,Mid-level / Intermediate,Full-time,Data Engineer,206699,US,No remote,US,M
543,2022,Mid-level / Intermediate,Full-time,Data Engineer,99100,US,No remote,US,M
544,2022,Senior-level / Expert,Full-time,Data Engineer,130000,US,Fully remote,US,M
545,2022,Senior-level / Expert,Full-time,Data Engineer,115000,US,Fully remote,US,M
546,2022,Senior-level / Expert,Full-time,Data Engineer,110500,US,Fully remote,US,M
547,2022,Senior-level / Expert,Full-time,Data Engineer,130000,US,Fully remote,US,M
548,2022,Senior-level / Expert,Full-time,Data Analyst,99050,US,Fully remote,US,M
549,2022,Senior-level / Expert,Full-time,Data Engineer,160000,US,Fully remote,US,M
550,2022,Senior-level / Expert,Full-time,Data Scientist,205300,US,No remote,US,L
551,2022,Senior-level / Expert,Full-time,Data Scientist,140400,US,No remote,US,L
552,2022,Senior-level / Expert,Full-time,Data Scientist,176000,US,Fully remote,US,M
553,2022,Senior-level / Expert,Full-time,Data Scientist,144000,US,Fully remote,US,M
554,2022,Senior-level / Expert,Full-time,Data Engineer,200100,US,Fully remote,US,M
555,2022,Senior-level / Expert,Full-time,Data Engineer,160000,US,Fully remote,US,M
556,2022,Senior-level / Expert,Full-time,Data Engineer,145000,US,Fully remote,US,M
557,2022,Senior-level / Expert,Full-time,Data Engineer,70500,US,No remote,US,M
558,2022,Senior-level / Expert,Full-time,Data Scientist,205300,US,No remote,US,M
559,2022,Senior-level / Expert,Full-time,Data Scientist,140400,US,No remote,US,M
560,2022,Senior-level / Expert,Full-time,Analytics Engineer,205300,US,No remote,US,M
561,2022,Senior-level / Expert,Full-time,Analytics Engineer,184700,US,No remote,US,M
562,2022,Senior-level / Expert,Full-time,Data Engineer,175100,US,Fully remote,US,M
563,2022,Senior-level / Expert,Full-time,Data Engineer,140250,US,Fully remote,US,M
564,2022,Senior-level / Expert,Full-time,Data Analyst,116150,US,Fully remote,US,M
565,2022,Senior-level / Expert,Full-time,Data Engineer,54000,US,No remote,US,M
566,2022,Senior-level / Expert,Full-time,Data Analyst,170000,US,Fully remote,US,M
567,2022,Mid-level / Intermediate,Full-time,Data Analyst,65438,GB,No remote,GB,M
568,2022,Senior-level / Expert,Full-time,Data Analyst,80000,US,Fully remote,US,M
569,2022,Senior-level / Expert,Full-time,Data Scientist,140000,US,Fully remote,US,M
570,2022,Senior-level / Expert,Full-time,Data Scientist,210000,US,Fully remote,US,M
571,2022,Senior-level / Expert,Full-time,Data Scientist,140000,US,Fully remote,US,M
572,2022,Senior-level / Expert,Full-time,Data Analyst,100000,US,Fully remote,US,M
573,2022,Senior-level / Expert,Full-time,Data Analyst,69000,US,Fully remote,US,M
574,2022,Senior-level / Expert,Full-time,Data Scientist,210000,US,Fully remote,US,M
575,2022,Senior-level / Expert,Full-time,Data Scientist,140000,US,Fully remote,US,M
576,2022,Senior-level / Expert,Full-time,Data Scientist,210000,US,Fully remote,US,M
577,2022,Senior-level / Expert,Full-time,Data Analyst,150075,US,Fully remote,US,M
578,2022,Senior-level / Expert,Full-time,Data Engineer,100000,US,Fully remote,US,M
579,2022,Senior-level / Expert,Full-time,Data Engineer,25000,US,Fully remote,US,M
580,2022,Senior-level / Expert,Full-time,Data Analyst,126500,US,Fully remote,US,M
581,2022,Senior-level / Expert,Full-time,Data Analyst,106260,US,Fully remote,US,M
582,2022,Senior-level / Expert,Full-time,Data Engineer,220110,US,Fully remote,US,M
583,2022,Senior-level / Expert,Full-time,Data Engineer,160080,US,Fully remote,US,M
584,2022,Senior-level / Expert,Full-time,Data Analyst,105000,US,Fully remote,US,M
585,2022,Senior-level / Expert,Full-time,Data Analyst,110925,US,Fully remote,US,M
586,2022,Mid-level / Intermediate,Full-time,Data Analyst,45807,GB,No remote,GB,M
587,2022,Senior-level / Expert,Full-time,Data Scientist,140000,US,Fully remote,US,M
588,2022,Senior-level / Expert,Full-time,Data Analyst,99000,US,No remote,US,M
589,2022,Senior-level / Expert,Full-time,Data Analyst,60000,US,Fully remote,US,M
590,2022,Senior-level / Expert,Full-time,Data Architect,192564,US,Fully remote,US,M
591,2022,Senior-level / Expert,Full-time,Data Architect,144854,US,Fully remote,US,M
592,2022,Senior-level / Expert,Full-time,Data Scientist,230000,US,Fully remote,US,M
593,2022,Senior-level / Expert,Full-time,Data Scientist,150000,US,Fully remote,US,M
594,2022,Senior-level / Expert,Full-time,Data Analytics Manager,150260,US,Fully remote,US,M
595,2022,Senior-level / Expert,Full-time,Data Analytics Manager,109280,US,Fully remote,US,M
596,2022,Senior-level / Expert,Full-time,Data Scientist,210000,US,Fully remote,US,M
597,2022,Senior-level / Expert,Full-time,Data Analyst,170000,US,Fully remote,US,M
598,2022,Mid-level / Intermediate,Full-time,Data Scientist,160000,US,Fully remote,US,M
599,2022,Mid-level / Intermediate,Full-time,Data Scientist,130000,US,Fully remote,US,M
600,2022,Entry-level / Junior,Full-time,Data Analyst,67000,CA,No remote,CA,M
601,2022,Entry-level / Junior,Full-time,Data Analyst,52000,CA,No remote,CA,M
602,2022,Senior-level / Expert,Full-time,Data Engineer,154000,US,Fully remote,US,M
603,2022,Senior-level / Expert,Full-time,Data Engineer,126000,US,Fully remote,US,M
604,2022,Senior-level / Expert,Full-time,Data Analyst,129000,US,No remote,US,M
605,2022,Senior-level / Expert,Full-time,Data Analyst,150000,US,Fully remote,US,M
606,2022,Mid-level / Intermediate,Full-time,AI Scientist,200000,IN,Fully remote,US,L
